135738,/business-industry/imports/,,
473782,/business-industry/farmingfood/bse/bsecontrol/,,
702928,/enforcement/enforcetrainfund/enforcertraining/,,
259640,/enforcement/regulation/betregs/ria/,,
656516,/enforcement/enforcework/food-law/,,
568031,/about-us/contactus/,,
708542,/about-us/data-and-policies/transparencydata/expenses-gifts-hospitality/,,
497492,/about-us/how-we-work/our-board/boardmeetoccasionalpapers/,,
607049,/about-us/how-we-work/workingwithothers/stakeholder-forums/,,
483937,	/about-us/jobs/,,
591271,	/about-us/publications/bite/,,
534308,/about-us/publications/fsanews/,,
473782,/business-industry/farmingfood/bse/bsecontrol/,MultiBranch,eng
498974,/business-industry/farmingfood/bse/bsecontrol/2009/,MultiBranch,eng
532376,/business-industry/farmingfood/bse/bsecontrol/2010/,MultiBranch,eng
572141,/business-industry/farmingfood/bse/bsecontrol/2010/,MultiBranch,eng
605491,/business-industry/farmingfood/bse/bsecontrol/2012/,MultiBranch,eng
715673,/business-industry/farmingfood/bse/bsecontrol/2013/,MultiBranch,eng
566306,/enforcement/monitoring/shellfish/shellharvestareas/,MultiBranch,eng
127020,/science/researchfunding/,MultiBranch,eng
402566,/scotland/about-fsa-scotland/advisorycommittee/sfacmeetings/,MultiBranch,eng
702954,/wales/about-fsa-wales/cymru/amdanomni/cysylltudeyrnasunedig/,MultiBranch,eng
604837,/wales/about-fsa-wales/cymru/amdanomni/swyddiasb/,MultiBranch,eng
614796,/science/research/allergy-research/,MultiBranch,
127203,/science/research/bseresearch/,MultiBranch,
630971,/science/research/chemical-safety-research/,MultiBranch,
635175,/science/research/chemical-safety-research/additives-research/,MultiBranch,
635229,/science/research/chemical-safety-research/env-cont/,MultiBranch,
128196,/science/research/choiceandstandardsresearch/,MultiBranch,
128210,/science/research/devolvedadmins/,MultiBranch,
127201,/science/research/foodborneillness/,MultiBranch,
128192,/science/research/foodcomponentsresearch/,MultiBranch,
633603,/science/research/gm-research/,MultiBranch,
128200,/science/research/radiologicalresearch/,MultiBranch,
544268,/science/research/ssres/ssarchive/,MultiBranch,
128205,/science/research/supportingresearch/,MultiBranch,
127020,/science/researchfunding/,MultiBranch,eng
665419,/wales/regswales/regappraisals/,,
